Country,Serious assault,Sexual violence
Australia,150.24454997593298,43.81482341885311
Canada,147.19275945646527,25.390829262961027
Ireland,75.82689220634387,24.430349750037816
UK,134.04335216665322,75.64203555111082
USA,245.11261028424227,34.16351204597908
