Country,GDP,Politics,Poverty,unemployment_adv_edu_f,unemployment_adv_edu_m,unemployment_bas_edu_f,unemployment_bas_edu_m,unemployment_int_edu_f,unemployment_int_edu_m,unemployment_tot
Australia,44292.16420986309,0.9499287876215855,10.6,3.288272727272727,3.1205454545454545,9.373909090909091,9.959909090909091,5.990454545454545,4.915909090909091,5.429818181818181
Canada,43891.22986815611,1.098916985771873,13.318181818181815,5.076545454545454,5.757363636363636,13.938727272727276,14.43827272727273,7.442909090909091,8.676636363636364,7.123909090909091
Ireland,56635.51385960747,0.9856639450246637,9.736363636363636,6.216636363636363,6.141818181818182,15.342636363636364,18.537545454545455,11.88109090909091,14.414,11.004636363636363
UK,40433.9330499364,0.36291698027740815,11.881818181818181,3.3153636363636365,3.527909090909091,9.912545454545455,11.742454545454546,6.503272727272727,6.948545454545454,6.266727272727272
USA,53821.95755476535,0.5103935057466681,17.863636363636363,3.9265454545454546,3.8521818181818186,11.944181818181818,9.56272727272727,8.231545454545454,9.088545454545455,6.693818181818182
